institucion,umbral,bajo,sobre,exacto,n_ventana,razon,p_binomial,q_fdr05,pct_exacto
SECRETARÍA DE LAS MUJERES,100000,109,6,27,115,18.17,0.0,True,19.0
SECRETARÍA ANTICORRUPCIÓN Y BUEN GOBIERNO,300000,197,52,0,249,3.79,0.0,True,0.0
PROCURADURIA AGRARIA,100000,77,2,0,79,38.5,0.0,True,0.0
XE-IPN CANAL 11,100000,334,187,13,521,1.79,0.0,True,2.4
FIDEICOMISO UNIVERSIDAD MARÍTIMA Y PORTUARIA DE MÉXICO,300000,61,13,1,74,4.69,0.0,True,1.3
INSTITUTO NACIONAL DE REHABILITACIÓN LUIS GUILLERMO IBARRA IBARRA,750000,46,9,0,55,5.11,0.0,True,0.0
INSTITUTO NACIONAL DE CARDIOLOGÍA IGNACIO CHÁVEZ,750000,59,16,3,75,3.69,0.0,True,3.8
"COMPAÑÍA OPERADORA DEL CENTRO CULTURAL Y TURISTICO DE TIJUANA, S.A. DE C.V.",150000,50,12,1,62,4.17,1e-06,True,1.6
INSTITUTO MEXICANO DEL SEGURO SOCIAL,300000,825,660,30,1485,1.25,1e-05,True,2.0
"SECRETARIA DE DESARROLLO AGRARIO, TERRITORIAL Y URBANO",400000,26,5,0,31,5.2,9.6e-05,True,0.0
INSTITUTO MEXICANO DEL SEGURO SOCIAL,100000,958,805,25,1763,1.19,0.000146,True,1.4
INSTITUTO MEXICANO DE LA RADIO,100000,27,7,0,34,3.86,0.000411,True,0.0
SISTEMA PUBLICO DE RADIODIFUSION DEL ESTADO MEXICANO,400000,49,21,0,70,2.33,0.000547,True,0.0
INSTITUTO DE ADMINISTRACION Y AVALUOS DE BIENES NACIONALES,100000,31,10,7,41,3.1,0.000725,True,14.6
SECRETARÍA ANTICORRUPCIÓN Y BUEN GOBIERNO,50000,49,23,6,72,2.13,0.001471,True,7.7
COMISION NACIONAL FORESTAL,500000,35,14,0,49,2.5,0.001901,True,0.0
FIDEICOMISO UNIVERSIDAD MARÍTIMA Y PORTUARIA DE MÉXICO,200000,33,13,0,46,2.54,0.002267,True,0.0
"ALIMENTACIÓN PARA EL BIENESTAR, S.A. DE C.V.",300000,643,546,5,1189,1.18,0.002673,True,0.4
COMISION NACIONAL FORESTAL,100000,30,12,1,42,2.5,0.003958,False,2.3
SECRETARÍA DE SALUD,400000,37,17,1,54,2.18,0.004537,False,1.8
SERVICIOS DE SALUD DEL INSTITUTO MEXICANO DEL SEGURO SOCIAL PARA EL BIENESTAR,100000,78,49,1,127,1.59,0.00633,False,0.8
INSTITUTO DE ADMINISTRACION Y AVALUOS DE BIENES NACIONALES,150000,27,11,14,38,2.45,0.006926,False,26.9
"ALIMENTACIÓN PARA EL BIENESTAR, S.A. DE C.V.",5000000,64,40,0,104,1.6,0.011823,False,0.0
FONDO DE CULTURA ECONOMICA,150000,27,12,0,39,2.25,0.011851,False,0.0
INSTITUTO NACIONAL DE PSIQUIATRÍA RAMÓN DE LA FUENTE MUÑIZ,200000,29,14,0,43,2.07,0.01577,False,0.0
"SECRETARIA DE DESARROLLO AGRARIO, TERRITORIAL Y URBANO",200000,71,47,0,118,1.51,0.016894,False,0.0
"ALIMENTACIÓN PARA EL BIENESTAR, S.A. DE C.V.",3000000,99,72,4,171,1.38,0.023232,False,2.3
SECRETARIA DE CULTURA,300000,156,122,6,278,1.28,0.023799,False,2.1
INSTITUTO DE ADMINISTRACION Y AVALUOS DE BIENES NACIONALES,50000,43,26,43,69,1.65,0.026645,False,38.4
SECRETARIA DE BIENESTAR,200000,39,23,5,62,1.7,0.027949,False,7.5
INSTITUTO DE SEGURIDAD Y SERVICIOS SOCIALES DE LOS TRABAJADORES DEL ESTADO,400000,124,95,18,219,1.31,0.029117,False,7.6
INSTITUTO MEXICANO DEL PETROLEO,300000,24,12,2,36,2.0,0.032623,False,5.3
SECRETARÍA ANTICORRUPCIÓN Y BUEN GOBIERNO,150000,141,111,0,252,1.27,0.033756,False,0.0
SERVICIOS DE SALUD DEL INSTITUTO MEXICANO DEL SEGURO SOCIAL PARA EL BIENESTAR,150000,59,40,5,99,1.48,0.03495,False,4.8
CAMINOS Y PUENTES FEDERALES DE INGRESOS Y SERVICIOS CONEXOS,300000,21,10,0,31,2.1,0.035378,False,0.0
INSTITUTO DE SEGURIDAD Y SERVICIOS SOCIALES DE LOS TRABAJADORES DEL ESTADO,200000,169,138,23,307,1.22,0.043348,False,7.0
INSTITUTO MEXICANO DEL PETROLEO,400000,27,15,1,42,1.8,0.044215,False,2.3
SECRETARIA DE MARINA,100000,47,31,1,78,1.52,0.044391,False,1.3
INSTITUTO NACIONAL DE CIENCIAS MÉDICAS Y NUTRICIÓN SALVADOR ZUBIRÁN,2000000,20,10,0,30,2.0,0.049369,False,0.0
INSTITUTO MEXICANO DEL SEGURO SOCIAL,500000,687,630,13,1317,1.09,0.061386,False,1.0
SECRETARIA DE MARINA,500000,63,46,3,109,1.37,0.062502,False,2.7
INSTITUTO NACIONAL DE CIENCIAS MÉDICAS Y NUTRICIÓN SALVADOR ZUBIRÁN,1000000,27,16,0,43,1.69,0.063145,False,0.0
INSTITUTO MEXICANO DEL SEGURO SOCIAL,2000000,316,279,17,595,1.13,0.069959,False,2.8
SECRETARIA DE LA DEFENSA NACIONAL,2000000,24,14,2,38,1.71,0.071653,False,5.0
HOSPITAL INFANTIL DE MÉXICO FEDERICO GÓMEZ,300000,20,11,0,31,1.82,0.074806,False,0.0
INSTITUTO MEXICANO DEL SEGURO SOCIAL,750000,563,515,16,1078,1.09,0.076128,False,1.5
INSTITUTO NACIONAL DE SALUD PÚBLICA,50000,37,25,5,62,1.48,0.080941,False,7.5
"LICONSA, S.A. DE C.V.",150000,21,12,4,33,1.75,0.081378,False,10.8
INSTITUTO DE SEGURIDAD Y SERVICIOS SOCIALES DE LOS TRABAJADORES DEL ESTADO,5000000,26,16,2,42,1.62,0.082075,False,4.5
"LICONSA, S.A. DE C.V.",100000,32,21,5,53,1.52,0.084489,False,8.6
INSTITUTO NACIONAL DE PEDIATRÍA,750000,22,13,0,35,1.69,0.087733,False,0.0
INSTITUTO NACIONAL DE BELLAS ARTES Y LITERATURA,300000,54,40,3,94,1.35,0.089833,False,3.1
SISTEMA PUBLICO DE RADIODIFUSION DEL ESTADO MEXICANO,300000,71,55,2,126,1.29,0.090612,False,1.6
CENTRO DE INVESTIGACION Y DE ESTUDIOS AVANZADOS DEL INSTITUTO POLITECNICO NACIONAL,400000,41,29,2,70,1.41,0.094108,False,2.8
INSTITUTO NACIONAL DE REHABILITACIÓN LUIS GUILLERMO IBARRA IBARRA,150000,24,15,0,39,1.6,0.099795,False,0.0
INSTITUTO DE SEGURIDAD Y SERVICIOS SOCIALES DE LOS TRABAJADORES DEL ESTADO,150000,159,136,17,295,1.17,0.100076,False,5.4
SISTEMA PUBLICO DE RADIODIFUSION DEL ESTADO MEXICANO,500000,19,11,0,30,1.73,0.100244,False,0.0
SECRETARÍA DE SALUD,1500000,19,11,0,30,1.73,0.100244,False,0.0
"SECRETARIA DE DESARROLLO AGRARIO, TERRITORIAL Y URBANO",150000,146,124,6,270,1.18,0.100577,False,2.2
CENTRO DE INVESTIGACION Y DE ESTUDIOS AVANZADOS DEL INSTITUTO POLITECNICO NACIONAL,150000,59,45,2,104,1.31,0.101087,False,1.9
INSTITUTO MEXICANO DEL SEGURO SOCIAL,150000,849,797,42,1646,1.07,0.10436,False,2.5
INSTITUTO NACIONAL DE PEDIATRÍA,300000,25,16,1,41,1.56,0.105512,False,2.4
INSTITUTO NACIONAL DE CIENCIAS MÉDICAS Y NUTRICIÓN SALVADOR ZUBIRÁN,750000,31,21,0,52,1.48,0.105804,False,0.0
SECRETARIA DE LA DEFENSA NACIONAL,150000,45,33,9,78,1.36,0.106341,False,10.3
CENTRO DE INVESTIGACION Y DE ESTUDIOS AVANZADOS DEL INSTITUTO POLITECNICO NACIONAL,100000,85,69,9,154,1.23,0.113325,False,5.5
SECRETARIA DE LA DEFENSA NACIONAL,400000,41,30,1,71,1.37,0.117549,False,1.4
INSTITUTO DE SEGURIDAD Y SERVICIOS SOCIALES DE LOS TRABAJADORES DEL ESTADO,1500000,62,49,24,111,1.27,0.127303,False,17.8
SERVICIOS DE SALUD DEL INSTITUTO MEXICANO DEL SEGURO SOCIAL PARA EL BIENESTAR,3000000,38,28,1,66,1.36,0.133906,False,1.5
INSTITUTO DE ADMINISTRACION Y AVALUOS DE BIENES NACIONALES,200000,19,12,10,31,1.58,0.140521,False,24.4
"LICONSA, S.A. DE C.V.",300000,20,13,2,33,1.54,0.148103,False,5.7
CENTRO DE INVESTIGACION Y DE ESTUDIOS AVANZADOS DEL INSTITUTO POLITECNICO NACIONAL,200000,74,61,5,135,1.21,0.150841,False,3.6
INSTITUTO DE SEGURIDAD Y SERVICIOS SOCIALES DE LOS TRABAJADORES DEL ESTADO,2000000,44,34,6,78,1.29,0.154084,False,7.1
SECRETARIA DE LA DEFENSA NACIONAL,300000,44,34,2,78,1.29,0.154084,False,2.5
"ALIMENTACIÓN PARA EL BIENESTAR, S.A. DE C.V.",1500000,227,205,9,432,1.11,0.15616,False,2.0
SECRETARÍA DE SALUD,50000,22,15,0,37,1.47,0.162004,False,0.0
COLEGIO DE POSTGRADUADOS,300000,23,16,1,39,1.44,0.168392,False,2.5
INSTITUTO DE SEGURIDAD Y SERVICIOS SOCIALES DE LOS TRABAJADORES DEL ESTADO,100000,151,134,20,285,1.13,0.171634,False,6.6
CAMINOS Y PUENTES FEDERALES DE INGRESOS Y SERVICIOS CONEXOS,150000,18,12,3,30,1.5,0.180797,False,9.1
HOSPITAL INFANTIL DE MÉXICO FEDERICO GÓMEZ,200000,27,20,0,47,1.35,0.190847,False,0.0
INSTITUTO NACIONAL DE PERINATOLOGÍA ISIDRO ESPINOSA DE LOS REYES,50000,20,14,1,34,1.43,0.195764,False,2.9
INSTITUTO NACIONAL DE ENFERMEDADES RESPIRATORIAS ISMAEL COSÍO VILLEGAS,300000,28,21,0,49,1.33,0.195801,False,0.0
SECRETARIA DE CULTURA,500000,30,23,2,53,1.3,0.205051,False,3.6
"ALIMENTACIÓN PARA EL BIENESTAR, S.A. DE C.V.",2000000,153,138,0,291,1.11,0.205932,False,0.0
CENTRO DE INVESTIGACION Y DE ESTUDIOS AVANZADOS DEL INSTITUTO POLITECNICO NACIONAL,500000,31,24,2,55,1.29,0.209377,False,3.5
INSTITUTO MEXICANO DEL SEGURO SOCIAL,400000,719,688,25,1407,1.05,0.211922,False,1.7
INSTITUTO NACIONAL DE REHABILITACIÓN LUIS GUILLERMO IBARRA IBARRA,50000,32,25,1,57,1.28,0.213521,False,1.7
INSTITUTO NACIONAL DE CIENCIAS MÉDICAS Y NUTRICIÓN SALVADOR ZUBIRÁN,50000,57,48,2,105,1.19,0.217557,False,1.9
"ALIMENTACIÓN PARA EL BIENESTAR, S.A. DE C.V.",750000,384,364,22,748,1.05,0.243632,False,2.9
INSTITUTO NACIONAL DE REHABILITACIÓN LUIS GUILLERMO IBARRA IBARRA,300000,20,15,0,35,1.33,0.24978,False,0.0
INSTITUTO NACIONAL DE INVESTIGACIONES NUCLEARES,200000,20,15,2,35,1.33,0.24978,False,5.4
SERVICIOS DE SALUD DEL INSTITUTO MEXICANO DEL SEGURO SOCIAL PARA EL BIENESTAR,400000,47,40,0,87,1.18,0.260146,False,0.0
INSTITUTO NACIONAL DE PERINATOLOGÍA ISIDRO ESPINOSA DE LOS REYES,100000,24,19,0,43,1.26,0.271192,False,0.0
"CENTRO DE INVESTIGACION CIENTIFICA Y DE EDUCACION SUPERIOR DE ENSENADA, BAJA CALIFORNIA",150000,17,13,0,30,1.31,0.292332,False,0.0
COMISION NACIONAL FORESTAL,200000,47,41,0,88,1.15,0.297144,False,0.0
INSTITUTO NACIONAL DE PEDIATRÍA,500000,18,14,0,32,1.29,0.298307,False,0.0
INSTITUTO NACIONAL DE SALUD PÚBLICA,200000,19,15,0,34,1.27,0.303796,False,0.0
INSTITUTO MEXICANO DEL SEGURO SOCIAL,1500000,359,345,16,704,1.04,0.312098,False,2.2
INSTITUTO NACIONAL DE PERINATOLOGÍA ISIDRO ESPINOSA DE LOS REYES,200000,22,18,1,40,1.22,0.317914,False,2.4
INSTITUTO NACIONAL DE REHABILITACIÓN LUIS GUILLERMO IBARRA IBARRA,100000,23,19,1,42,1.21,0.321984,False,2.3
INSTITUTO NACIONAL DE CIENCIAS MÉDICAS Y NUTRICIÓN SALVADOR ZUBIRÁN,100000,46,41,5,87,1.12,0.334142,False,5.4
INSTITUTO MEXICANO DEL SEGURO SOCIAL,50000,876,858,30,1734,1.02,0.341552,False,1.7
HOSPITAL INFANTIL DE MÉXICO FEDERICO GÓMEZ,500000,17,14,0,31,1.21,0.36005,False,0.0
INSTITUTO NACIONAL DE PSIQUIATRÍA RAMÓN DE LA FUENTE MUÑIZ,100000,19,16,1,35,1.19,0.367939,False,2.8
SECRETARIA DE MARINA,200000,44,40,1,84,1.1,0.371822,False,1.2
INSTITUTO MEXICANO DE LA RADIO,150000,21,18,0,39,1.17,0.374629,False,0.0
INSTITUTO NACIONAL DE PEDIATRÍA,400000,22,19,1,41,1.16,0.377614,False,2.4
SECRETARIA DE AGRICULTURA Y DESARROLLO RURAL,200000,23,20,1,43,1.15,0.380396,False,2.3
HOSPITAL INFANTIL DE MÉXICO FEDERICO GÓMEZ,150000,24,21,2,45,1.14,0.382996,False,4.3
HOSPITAL INFANTIL DE MÉXICO FEDERICO GÓMEZ,100000,25,22,0,47,1.14,0.385433,False,0.0
INSTITUTO MEXICANO DEL SEGURO SOCIAL,200000,792,784,31,1576,1.01,0.430022,False,1.9
HOSPITAL JUÁREZ DE MÉXICO,150000,19,17,2,36,1.12,0.43397,False,5.3
INSTITUTO NACIONAL DE PEDIATRÍA,150000,20,18,1,38,1.11,0.435707,False,2.6
SERVICIOS DE SALUD DEL INSTITUTO MEXICANO DEL SEGURO SOCIAL PARA EL BIENESTAR,200000,39,37,2,76,1.05,0.454388,False,2.6
COMISION NACIONAL FORESTAL,300000,165,162,1,327,1.02,0.455978,False,0.3
SECRETARIA DE BIENESTAR,150000,45,43,3,88,1.05,0.457593,False,3.3
XE-IPN CANAL 11,200000,63,61,2,124,1.03,0.464246,False,1.6
INSTITUTO POLITECNICO NACIONAL,300000,153,151,21,304,1.01,0.477138,False,6.5
INSTITUTO MEXICANO DEL SEGURO SOCIAL,3000000,260,258,13,518,1.01,0.48248,False,2.4
"ALIMENTACIÓN PARA EL BIENESTAR, S.A. DE C.V.",100000,517,515,7,1032,1.0,0.487584,False,0.7
INSTITUTO MEXICANO DEL SEGURO SOCIAL,5000000,194,193,4,387,1.01,0.5,False,1.0
INSTITUTO NACIONAL DE CIENCIAS MÉDICAS Y NUTRICIÓN SALVADOR ZUBIRÁN,500000,36,35,0,71,1.03,0.5,False,0.0
INSTITUTO POLITECNICO NACIONAL,750000,103,102,3,205,1.01,0.5,False,1.4
"LICONSA, S.A. DE C.V.",50000,17,16,1,33,1.06,0.5,False,2.9
INSTITUTO NACIONAL DE ENFERMEDADES RESPIRATORIAS ISMAEL COSÍO VILLEGAS,100000,17,16,1,33,1.06,0.5,False,2.9
INSTITUTO NACIONAL DE PEDIATRÍA,200000,18,17,0,35,1.06,0.5,False,0.0
SECRETARIA DE LA DEFENSA NACIONAL,1500000,19,18,1,37,1.06,0.5,False,2.6
SECRETARÍA DE SALUD,150000,29,28,0,57,1.04,0.5,False,0.0
SECRETARIA DE MARINA,300000,46,45,1,91,1.02,0.5,False,1.1
"SECRETARIA DE DESARROLLO AGRARIO, TERRITORIAL Y URBANO",300000,59,59,2,118,1.0,0.536648,False,1.7
SERVICIOS DE SALUD DEL INSTITUTO MEXICANO DEL SEGURO SOCIAL PARA EL BIENESTAR,1500000,40,40,0,80,1.0,0.544464,False,0.0
SERVICIOS DE SALUD DEL INSTITUTO MEXICANO DEL SEGURO SOCIAL PARA EL BIENESTAR,750000,40,40,1,80,1.0,0.544464,False,1.2
SECRETARÍA DE SALUD,200000,30,30,0,60,1.0,0.551289,False,0.0
SECRETARÍA DE SALUD,100000,22,22,1,44,1.0,0.559802,False,2.2
INSTITUTO NACIONAL DE ENFERMEDADES RESPIRATORIAS ISMAEL COSÍO VILLEGAS,150000,17,17,1,34,1.0,0.567917,False,2.9
"ADMINISTRACION DEL SISTEMA PORTUARIO NACIONAL LAZARO CARDENAS, S.A. DE C.V.",200000,16,16,0,32,1.0,0.569975,False,0.0
INSTITUTO MEXICANO DE INVESTIGACIÓN EN PESCA Y ACUACULTURA SUSTENTABLES,200000,15,15,0,30,1.0,0.572232,False,0.0
SERVICIOS DE SALUD DEL INSTITUTO MEXICANO DEL SEGURO SOCIAL PARA EL BIENESTAR,5000000,38,39,0,77,0.97,0.590054,False,0.0
INSTITUTO DE SEGURIDAD Y SERVICIOS SOCIALES DE LOS TRABAJADORES DEL ESTADO,300000,128,131,37,259,0.98,0.598116,False,12.5
INSTITUTO MEXICANO DE CINEMATOGRAFIA,200000,29,30,0,59,0.97,0.602578,False,0.0
SECRETARIA DE LA DEFENSA NACIONAL,100000,27,28,1,55,0.96,0.606147,False,1.8
"ALIMENTACIÓN PARA EL BIENESTAR, S.A. DE C.V.",150000,669,678,13,1347,0.99,0.607363,False,1.0
SECRETARÍA ANTICORRUPCIÓN Y BUEN GOBIERNO,500000,43,45,0,88,0.96,0.625335,False,0.0
SECRETARIA DE MARINA,150000,43,45,1,88,0.96,0.625335,False,1.1
INSTITUTO NACIONAL DE PERINATOLOGÍA ISIDRO ESPINOSA DE LOS REYES,150000,16,17,0,33,0.94,0.635834,False,0.0
INSTITUTO NACIONAL DE PEDIATRÍA,100000,16,17,1,33,0.94,0.635834,False,2.9
SECRETARIA DE LA DEFENSA NACIONAL,500000,34,36,2,70,0.94,0.639899,False,2.8
COMISION NACIONAL FORESTAL,150000,30,32,0,62,0.94,0.648232,False,0.0
INSTITUTO DE SEGURIDAD Y SERVICIOS SOCIALES DE LOS TRABAJADORES DEL ESTADO,500000,69,73,19,142,0.95,0.662533,False,11.8
FIDEICOMISO PARA LA CINETECA NACIONAL,100000,24,26,1,50,0.92,0.664094,False,2.0
INSTITUTO NACIONAL DE CIENCIAS MÉDICAS Y NUTRICIÓN SALVADOR ZUBIRÁN,300000,36,39,6,75,0.92,0.677768,False,7.4
"ALIMENTACIÓN PARA EL BIENESTAR, S.A. DE C.V.",1000000,301,312,3,613,0.96,0.686029,False,0.5
SECRETARIA DE LA DEFENSA NACIONAL,1000000,32,35,1,67,0.91,0.687297,False,1.5
SECRETARÍA DE SALUD,300000,26,29,2,55,0.9,0.704973,False,3.5
"INFRAESTRUCTURA, COMUNICACIONES Y TRANSPORTES",1000000,14,16,0,30,0.88,0.707668,False,0.0
"IMPRESORA Y ENCUADERNADORA PROGRESO, S.A. DE C.V.",150000,14,16,2,30,0.88,0.707668,False,6.2
HOSPITAL INFANTIL DE MÉXICO FEDERICO GÓMEZ,50000,21,24,1,45,0.88,0.724258,False,2.2
INSTITUTO NACIONAL DE ENFERMEDADES RESPIRATORIAS ISMAEL COSÍO VILLEGAS,200000,21,24,0,45,0.88,0.724258,False,0.0
INSTITUTO NACIONAL DE BELLAS ARTES Y LITERATURA,400000,21,24,2,45,0.88,0.724258,False,4.3
COLEGIO DE POSTGRADUADOS,200000,17,20,1,37,0.85,0.744312,False,2.6
COMISION NACIONAL FORESTAL,50000,25,29,1,54,0.86,0.751691,False,1.8
SECRETARIA DE MARINA,400000,35,40,2,75,0.88,0.755659,False,2.6
INSTITUTO MEXICANO DEL PETROLEO,50000,15,18,0,33,0.83,0.756575,False,0.0
"IMPRESORA Y ENCUADERNADORA PROGRESO, S.A. DE C.V.",100000,15,18,0,33,0.83,0.756575,False,0.0
SERVICIOS DE SALUD DEL INSTITUTO MEXICANO DEL SEGURO SOCIAL PARA EL BIENESTAR,2000000,31,36,2,67,0.86,0.768091,False,2.9
INSTITUTO NACIONAL DE ENFERMEDADES RESPIRATORIAS ISMAEL COSÍO VILLEGAS,50000,19,23,0,42,0.83,0.7796,False,0.0
INSTITUTO DE ADMINISTRACION Y AVALUOS DE BIENES NACIONALES,300000,17,21,11,38,0.81,0.791154,False,22.4
INSTITUTO NACIONAL DE ENFERMEDADES RESPIRATORIAS ISMAEL COSÍO VILLEGAS,500000,23,28,1,51,0.82,0.799469,False,1.9
INSTITUTO DE SEGURIDAD Y SERVICIOS SOCIALES DE LOS TRABAJADORES DEL ESTADO,750000,52,60,7,112,0.87,0.802403,False,5.9
SECRETARIA DE BIENESTAR,300000,52,60,1,112,0.87,0.802403,False,0.9
SECRETARIA DE BIENESTAR,400000,22,27,1,49,0.81,0.804199,False,2.0
SECRETARIA DE BIENESTAR,750000,15,19,0,34,0.79,0.804236,False,0.0
SERVICIOS DE SALUD DEL INSTITUTO MEXICANO DEL SEGURO SOCIAL PARA EL BIENESTAR,300000,48,56,3,104,0.86,0.811208,False,2.8
INSTITUTO POLITECNICO NACIONAL,400000,86,97,2,183,0.89,0.812454,False,1.1
CENTRO DE INVESTIGACION Y DE ESTUDIOS AVANZADOS DEL INSTITUTO POLITECNICO NACIONAL,300000,36,43,3,79,0.84,0.815906,False,3.7
SECRETARIA DE LA DEFENSA NACIONAL,200000,35,42,2,77,0.83,0.818984,False,2.5
INSTITUTO NACIONAL DE ENFERMEDADES RESPIRATORIAS ISMAEL COSÍO VILLEGAS,400000,19,24,0,43,0.79,0.819811,False,0.0
SISTEMA PUBLICO DE RADIODIFUSION DEL ESTADO MEXICANO,200000,19,24,1,43,0.79,0.819811,False,2.3
SECRETARIA DE LA DEFENSA NACIONAL,750000,34,41,1,75,0.83,0.82215,False,1.3
"INFRAESTRUCTURA, COMUNICACIONES Y TRANSPORTES",3000000,24,30,0,54,0.8,0.829555,False,0.0
INSTITUTO DE SEGURIDAD Y SERVICIOS SOCIALES DE LOS TRABAJADORES DEL ESTADO,1000000,60,70,15,130,0.86,0.832656,False,10.3
INSTITUTO NACIONAL DE CIENCIAS MÉDICAS Y NUTRICIÓN SALVADOR ZUBIRÁN,400000,30,37,1,67,0.81,0.835784,False,1.5
"ALIMENTACIÓN PARA EL BIENESTAR, S.A. DE C.V.",200000,545,579,8,1124,0.94,0.85175,False,0.7
INSTITUTO NACIONAL DE REHABILITACIÓN LUIS GUILLERMO IBARRA IBARRA,200000,14,19,0,33,0.74,0.851897,False,0.0
"ALIMENTACIÓN PARA EL BIENESTAR, S.A. DE C.V.",500000,458,490,4,948,0.93,0.858096,False,0.4
SECRETARIA DE MARINA,50000,39,48,1,87,0.81,0.858196,False,1.1
SERVICIOS DE SALUD DEL INSTITUTO MEXICANO DEL SEGURO SOCIAL PARA EL BIENESTAR,1000000,45,55,2,100,0.82,0.864373,False,2.0
INSTITUTO POLITECNICO NACIONAL,200000,241,266,13,507,0.91,0.875906,False,2.5
SECRETARÍA DE SALUD,750000,15,21,1,36,0.71,0.878508,False,2.7
INSTITUTO DE SEGURIDAD Y SERVICIOS SOCIALES DE LOS TRABAJADORES DEL ESTADO,3000000,32,41,12,73,0.78,0.879178,False,14.1
SECRETARIA DE AGRICULTURA Y DESARROLLO RURAL,50000,19,26,2,45,0.73,0.883653,False,4.3
INSTITUTO NACIONAL DE CIENCIAS MÉDICAS Y NUTRICIÓN SALVADOR ZUBIRÁN,150000,30,39,3,69,0.77,0.8858,False,4.2
"TELEVISIÓN METROPOLITANA, S.A. DE C.V.",150000,13,19,0,32,0.68,0.892336,False,0.0
"ALIMENTACIÓN PARA EL BIENESTAR, S.A. DE C.V.",50000,376,412,4,788,0.91,0.906277,False,0.5
"INFRAESTRUCTURA, COMUNICACIONES Y TRANSPORTES",2000000,18,26,0,44,0.69,0.912914,False,0.0
INSTITUTO NACIONAL DE SALUD PÚBLICA,150000,22,31,2,53,0.71,0.915511,False,3.6
INSTITUTO NACIONAL DE INVESTIGACIONES NUCLEARES,150000,17,25,2,42,0.68,0.917925,False,4.5
INSTITUTO NACIONAL DE REHABILITACIÓN LUIS GUILLERMO IBARRA IBARRA,500000,14,22,0,36,0.64,0.933751,False,0.0
SECRETARÍA ANTICORRUPCIÓN Y BUEN GOBIERNO,400000,77,96,1,173,0.8,0.935937,False,0.6
"HOSPITAL GENERAL DE MÉXICO ""DR. EDUARDO LICEAGA""",750000,12,20,0,32,0.6,0.944908,False,0.0
SECRETARÍA DE SALUD,2000000,14,23,0,37,0.61,0.950564,False,0.0
"INFRAESTRUCTURA, COMUNICACIONES Y TRANSPORTES",5000000,13,22,0,35,0.59,0.955234,False,0.0
XE-IPN CANAL 11,150000,72,95,51,167,0.76,0.968519,False,23.4
SECRETARIA DE BIENESTAR,500000,24,38,2,62,0.63,0.972051,False,3.1
SECRETARIA DE CULTURA,400000,49,69,1,118,0.71,0.973626,False,0.8
INSTITUTO NACIONAL DE CIENCIAS MÉDICAS Y NUTRICIÓN SALVADOR ZUBIRÁN,200000,34,51,3,85,0.67,0.974875,False,3.4
INSTITUTO NACIONAL DE ANTROPOLOGIA E HISTORIA,50000,14,26,3,40,0.54,0.980761,False,7.0
SECRETARIA DE LA DEFENSA NACIONAL,50000,11,22,1,33,0.5,0.982459,False,2.9
INSTITUTO NACIONAL DE PSIQUIATRÍA RAMÓN DE LA FUENTE MUÑIZ,150000,18,32,0,50,0.56,0.98358,False,0.0
"ALIMENTACIÓN PARA EL BIENESTAR, S.A. DE C.V.",400000,692,773,12,1465,0.9,0.983936,False,0.8
INSTITUTO DE SEGURIDAD Y SERVICIOS SOCIALES DE LOS TRABAJADORES DEL ESTADO,50000,86,117,14,203,0.74,0.987767,False,6.5
AEROPUERTOS Y SERVICIOS AUXILIARES,1000000,10,22,6,32,0.45,0.989969,False,15.8
INSTITUTO NACIONAL DE BELLAS ARTES Y LITERATURA,200000,92,126,1,218,0.73,0.991219,False,0.5
SECRETARIA DE CULTURA,200000,108,145,3,253,0.74,0.991639,False,1.2
FIDEICOMISO UNIVERSIDAD MARÍTIMA Y PORTUARIA DE MÉXICO,400000,11,24,0,35,0.46,0.991663,False,0.0
XE-IPN CANAL 11,50000,165,212,56,377,0.78,0.993337,False,12.9
INSTITUTO MEXICANO DEL SEGURO SOCIAL,1000000,430,506,15,936,0.85,0.994099,False,1.6
SECRETARIA DE AGRICULTURA Y DESARROLLO RURAL,100000,13,28,16,41,0.46,0.994246,False,28.1
SECRETARIA DE AGRICULTURA Y DESARROLLO RURAL,150000,13,28,1,41,0.46,0.994246,False,2.4
SECRETARIA DE BIENESTAR,50000,9,22,11,31,0.41,0.994663,False,26.2
FIDEICOMISO PARA LA CINETECA NACIONAL,50000,20,39,3,59,0.51,0.995679,False,4.8
FIDEICOMISO UNIVERSIDAD MARÍTIMA Y PORTUARIA DE MÉXICO,500000,15,32,0,47,0.47,0.996029,False,0.0
INSTITUTO NACIONAL DE BELLAS ARTES Y LITERATURA,500000,19,38,0,57,0.5,0.996246,False,0.0
SERVICIOS DE SALUD DEL INSTITUTO MEXICANO DEL SEGURO SOCIAL PARA EL BIENESTAR,50000,95,136,0,231,0.7,0.997198,False,0.0
SECRETARIA DE BIENESTAR,100000,29,53,6,82,0.55,0.997282,False,6.8
INSTITUTO POLITECNICO NACIONAL,50000,171,227,14,398,0.75,0.997892,False,3.4
INSTITUTO NACIONAL DE BELLAS ARTES Y LITERATURA,100000,61,96,7,157,0.64,0.998039,False,4.3
CENTRO DE INVESTIGACION Y DE ESTUDIOS AVANZADOS DEL INSTITUTO POLITECNICO NACIONAL,50000,87,130,4,217,0.67,0.998633,False,1.8
SECRETARIA DE CULTURA,100000,29,56,5,85,0.52,0.998903,False,5.6
INSTITUTO POLITECNICO NACIONAL,1000000,61,106,11,167,0.58,0.999829,False,6.2
SERVICIOS DE SALUD DEL INSTITUTO MEXICANO DEL SEGURO SOCIAL PARA EL BIENESTAR,500000,34,70,1,104,0.49,0.999876,False,1.0
INSTITUTO NACIONAL DE ANTROPOLOGIA E HISTORIA,150000,23,57,5,80,0.4,0.999965,False,5.9
INSTITUTO POLITECNICO NACIONAL,500000,61,112,5,173,0.54,0.999966,False,2.8
SECRETARÍA DE SALUD,500000,20,55,2,75,0.36,0.999989,False,2.6
INSTITUTO NACIONAL DE BELLAS ARTES Y LITERATURA,50000,11,45,3,56,0.24,0.999999,False,5.1
COMISION NACIONAL DE CULTURA FISICA Y DEPORTE,300000,22,68,0,90,0.32,1.0,False,0.0
INSTITUTO POLITECNICO NACIONAL,150000,264,399,19,663,0.66,1.0,False,2.8
INSTITUTO NACIONAL DE CANCEROLOGÍA,200000,12,53,2,65,0.23,1.0,False,3.0
SECRETARIA DE MARINA,750000,68,146,1,214,0.47,1.0,False,0.5
SECRETARIA DE MARINA,1000000,42,107,1,149,0.39,1.0,False,0.7
COMISION NACIONAL DE CULTURA FISICA Y DEPORTE,200000,9,49,1,58,0.18,1.0,False,1.7
SECRETARIA DE CULTURA,150000,92,186,4,278,0.49,1.0,False,1.4
INSTITUTO NACIONAL DE ANTROPOLOGIA E HISTORIA,100000,32,96,3,128,0.33,1.0,False,2.3
INSTITUTO NACIONAL DE SALUD PÚBLICA,100000,99,199,22,298,0.5,1.0,False,6.9
INSTITUTO POLITECNICO NACIONAL,100000,269,424,15,693,0.63,1.0,False,2.1
"SECRETARIA DE DESARROLLO AGRARIO, TERRITORIAL Y URBANO",50000,30,94,5,124,0.32,1.0,False,3.9
"SECRETARIA DE DESARROLLO AGRARIO, TERRITORIAL Y URBANO",100000,31,98,0,129,0.32,1.0,False,0.0
SECRETARIA DE CULTURA,50000,14,68,0,82,0.21,1.0,False,0.0
SECRETARÍA ANTICORRUPCIÓN Y BUEN GOBIERNO,200000,75,212,3,287,0.35,1.0,False,1.0
COMISION NACIONAL DE CULTURA FISICA Y DEPORTE,150000,5,113,0,118,0.04,1.0,False,0.0
INSTITUTO NACIONAL DE BELLAS ARTES Y LITERATURA,150000,77,203,9,280,0.38,1.0,False,3.1
SECRETARÍA ANTICORRUPCIÓN Y BUEN GOBIERNO,100000,39,133,0,172,0.29,1.0,False,0.0
FONDO NACIONAL PARA EL FOMENTO DE LAS ARTESANÍAS,100000,1,49,0,50,0.02,1.0,False,0.0
